Type,Precision (P),Recall (R),Residual Recall (R+),F1,"# of TP","# of FP","# of FN","# of Correspondences",Time,Time (HH:MM:SS)
ALL,0.9180779834580544,0.8678332092330603,0.8275024295432458,0.8922488038277512,2331,208,355,2751,193990713570,00:03:13
CLASSES,0.9180779834580544,0.8678332092330603,0.8275024295432458,0.8922488038277512,2331,208,355,2751,-,-
PROPERTIES,0.0,0.0,0.0,0.0,0,0,0,0,-,-
INSTANCES,0.0,0.0,0.0,0.0,0,0,0,0,-,-
