Type,Precision (P),Recall (R),Residual Recall (R+),F1,"# of TP","# of FP","# of FN","# of Correspondences",Time,Time (HH:MM:SS)
ALL,0.44618159951894165,0.24626617988715566,0.1340324118207817,0.3173652694610779,1484,1842,4542,3755,674626673829,00:11:14
CLASSES,0.44618159951894165,0.24626617988715566,0.1340324118207817,0.3173652694610779,1484,1842,4542,3755,-,-
PROPERTIES,0.0,0.0,0.0,0.0,0,0,0,0,-,-
INSTANCES,0.0,0.0,0.0,0.0,0,0,0,0,-,-
