Type,Precision (P),Recall (R),Residual Recall (R+),F1,"# of TP","# of FP","# of FN","# of Correspondences",Time,Time (HH:MM:SS)
ALL,0.8055839291794348,0.8808637379002234,0.8483965014577259,0.8415436599679886,2366,571,320,3109,92690904884,00:01:32
CLASSES,0.8055839291794348,0.8808637379002234,0.8483965014577259,0.8415436599679886,2366,571,320,3109,-,-
PROPERTIES,0.0,0.0,0.0,0.0,0,0,0,0,-,-
INSTANCES,0.0,0.0,0.0,0.0,0,0,0,0,-,-
