Type,Precision (P),Recall (R),Residual Recall (R+),F1,"# of TP","# of FP","# of FN","# of Correspondences",Time,Time (HH:MM:SS)
ALL,0.9589377919842635,0.6471954862263525,0.5998093422306959,0.772812840582582,3900,167,2126,6226,30350295317,00:00:30
CLASSES,0.9589377919842635,0.6471954862263525,0.5998093422306959,0.772812840582582,3900,167,2126,6226,-,-
PROPERTIES,0.0,0.0,0.0,0.0,0,0,0,0,-,-
INSTANCES,0.0,0.0,0.0,0.0,0,0,0,0,-,-
