Type,Precision (P),Recall (R),Residual Recall (R+),F1,"# of TP","# of FP","# of FN","# of Correspondences",Time,Time (HH:MM:SS)
ALL,0.9735376044568245,0.7807148175725986,0.7249757045675413,0.8665289256198346,2097,57,589,2332,19253045249,00:00:19
CLASSES,0.9735376044568245,0.7807148175725986,0.7249757045675413,0.8665289256198346,2097,57,589,2332,-,-
PROPERTIES,0.0,0.0,0.0,0.0,0,0,0,0,-,-
INSTANCES,0.0,0.0,0.0,0.0,0,0,0,0,-,-
