Type,Precision (P),Recall (R),Residual Recall (R+),F1,"# of TP","# of FP","# of FN","# of Correspondences",Time,Time (HH:MM:SS)
ALL,0.7942492012779553,0.20627281778957848,0.09342230695900858,0.3274930839151627,1243,322,4783,1890,77433033436,00:01:17
CLASSES,0.7942492012779553,0.20627281778957848,0.09342230695900858,0.3274930839151627,1243,322,4783,1890,-,-
PROPERTIES,0.0,0.0,0.0,0.0,0,0,0,0,-,-
INSTANCES,0.0,0.0,0.0,0.0,0,0,0,0,-,-
