Type,Precision (P),Recall (R),Residual Recall (R+),F1,"# of TP","# of FP","# of FN","# of Correspondences",Time,Time (HH:MM:SS)
ALL,0.9489795918367347,0.27699180938198065,0.05830903790087463,0.42881844380403455,744,40,1942,870,231500943789,00:03:51
CLASSES,0.9489795918367347,0.27699180938198065,0.05830903790087463,0.42881844380403455,744,40,1942,870,-,-
PROPERTIES,0.0,0.0,0.0,0.0,0,0,0,0,-,-
INSTANCES,0.0,0.0,0.0,0.0,0,0,0,0,-,-
