Type,Precision (P),Recall (R),Residual Recall (R+),F1,"# of TP","# of FP","# of FN","# of Correspondences",Time,Time (HH:MM:SS)
ALL,0.9161290322580645,0.12376525276002324,0.0,0.21807013053493732,2130,195,15080,2494,39140154704,00:00:39
CLASSES,0.9161290322580645,0.12376525276002324,0.0,0.21807013053493732,2130,195,15080,2494,-,-
PROPERTIES,0.0,0.0,0.0,0.0,0,0,0,0,-,-
INSTANCES,0.0,0.0,0.0,0.0,0,0,0,0,-,-
