Type,Precision (P),Recall (R),Residual Recall (R+),F1,"# of TP","# of FP","# of FN","# of Correspondences",Time,Time (HH:MM:SS)
ALL,0.7536764705882353,0.0763216679076694,0.0,0.13860716700473294,205,67,2481,303,18651757443,00:00:18
CLASSES,0.7536764705882353,0.0763216679076694,0.0,0.13860716700473294,205,67,2481,303,-,-
PROPERTIES,0.0,0.0,0.0,0.0,0,0,0,0,-,-
INSTANCES,0.0,0.0,0.0,0.0,0,0,0,0,-,-
