Type,Precision (P),Recall (R),Residual Recall (R+),F1,"# of TP","# of FP","# of FN","# of Correspondences",Time,Time (HH:MM:SS)
ALL,0.9196787148594378,0.03800199137072685,0.0,0.07298804780876493,229,20,5797,252,31790880022,00:00:31
CLASSES,0.9196787148594378,0.03800199137072685,0.0,0.07298804780876493,229,20,5797,252,-,-
PROPERTIES,0.0,0.0,0.0,0.0,0,0,0,0,-,-
INSTANCES,0.0,0.0,0.0,0.0,0,0,0,0,-,-
