Type,Precision (P),Recall (R),Residual Recall (R+),F1,"# of TP","# of FP","# of FN","# of Correspondences",Time,Time (HH:MM:SS)
ALL,0.7264447236180904,0.8611317944899479,0.8401360544217688,0.7880749574105621,2313,871,373,3371,2582266191040,00:43:02
CLASSES,0.7264447236180904,0.8611317944899479,0.8401360544217688,0.7880749574105621,2313,871,373,3371,-,-
PROPERTIES,0.0,0.0,0.0,0.0,0,0,0,0,-,-
INSTANCES,0.0,0.0,0.0,0.0,0,0,0,0,-,-
