Type,Precision (P),Recall (R),Residual Recall (R+),F1,"# of TP","# of FP","# of FN","# of Correspondences",Time,Time (HH:MM:SS)
ALL,0.825026586316909,0.6761766414875072,0.533600278551532,0.743222098036085,11637,2468,5573,14594,10486316520778,02:54:46
CLASSES,0.825026586316909,0.6761766414875072,0.533600278551532,0.743222098036085,11637,2468,5573,14594,-,-
PROPERTIES,0.0,0.0,0.0,0.0,0,0,0,0,-,-
INSTANCES,0.0,0.0,0.0,0.0,0,0,0,0,-,-
