Type,Precision (P),Recall (R),Residual Recall (R+),F1,"# of TP","# of FP","# of FN","# of Correspondences",Time,Time (HH:MM:SS)
ALL,0.94853515625,0.5643811737361999,0.3563718662952646,0.7076867030965392,9713,527,7497,10891,27169515994,00:00:27
CLASSES,0.94853515625,0.5643811737361999,0.3563718662952646,0.7076867030965392,9713,527,7497,10891,-,-
PROPERTIES,0.0,0.0,0.0,0.0,0,0,0,0,-,-
INSTANCES,0.0,0.0,0.0,0.0,0,0,0,0,-,-
