Type,Precision (P),Recall (R),Residual Recall (R+),F1,"# of TP","# of FP","# of FN","# of Correspondences",Time,Time (HH:MM:SS)
ALL,0.7966685812751292,0.5641487507263219,0.35611072423398327,0.6605435928836274,9709,2478,7501,12837,40329000345,00:00:40
CLASSES,0.7966685812751292,0.5641487507263219,0.35611072423398327,0.6605435928836274,9709,2478,7501,12837,-,-
PROPERTIES,0.0,0.0,0.0,0.0,0,0,0,0,-,-
INSTANCES,0.0,0.0,0.0,0.0,0,0,0,0,-,-
