Type,Precision (P),Recall (R),Residual Recall (R+),F1,"# of TP","# of FP","# of FN","# of Correspondences",Time,Time (HH:MM:SS)
ALL,0.9396182313985196,0.8979895755770663,0.869290573372206,0.9183323814962878,2412,155,274,2769,24642927666,00:00:24
CLASSES,0.9396182313985196,0.8979895755770663,0.869290573372206,0.9183323814962878,2412,155,274,2769,-,-
PROPERTIES,0.0,0.0,0.0,0.0,0,0,0,0,-,-
INSTANCES,0.0,0.0,0.0,0.0,0,0,0,0,-,-
