Type,Precision (P),Recall (R),Residual Recall (R+),F1,"# of TP","# of FP","# of FN","# of Correspondences",Time,Time (HH:MM:SS)
ALL,0.954466140423764,0.6674607786170831,0.5153203342618384,0.7855701829372541,11487,548,5723,12522,397687203081,00:06:37
CLASSES,0.954466140423764,0.6674607786170831,0.5153203342618384,0.7855701829372541,11487,548,5723,12522,-,-
PROPERTIES,0.0,0.0,0.0,0.0,0,0,0,0,-,-
INSTANCES,0.0,0.0,0.0,0.0,0,0,0,0,-,-
