Type,Precision (P),Recall (R),Residual Recall (R+),F1,"# of TP","# of FP","# of FN","# of Correspondences",Time,Time (HH:MM:SS)
ALL,0.8245166772891438,0.6440424825755061,0.5927550047664443,0.72319016118513,3881,826,2145,6463,761919745753,00:12:41
CLASSES,0.8245166772891438,0.6440424825755061,0.5927550047664443,0.72319016118513,3881,826,2145,6463,-,-
PROPERTIES,0.0,0.0,0.0,0.0,0,0,0,0,-,-
INSTANCES,0.0,0.0,0.0,0.0,0,0,0,0,-,-
