Type,Precision (P),Recall (R),Residual Recall (R+),F1,"# of TP","# of FP","# of FN","# of Correspondences",Time,Time (HH:MM:SS)
ALL,0.9107711918419376,0.7114171921672752,0.669208770257388,0.7988446846175347,4287,420,1739,6725,1434390080905,00:23:54
CLASSES,0.9107711918419376,0.7114171921672752,0.669208770257388,0.7988446846175347,4287,420,1739,6725,-,-
PROPERTIES,0.0,0.0,0.0,0.0,0,0,0,0,-,-
INSTANCES,0.0,0.0,0.0,0.0,0,0,0,0,-,-
