Type,Precision (P),Recall (R),Residual Recall (R+),F1,"# of TP","# of FP","# of FN","# of Correspondences",Time,Time (HH:MM:SS)
ALL,0.9884009942004971,0.19797543976103552,0.08388941849380362,0.3298769528549703,1193,14,4833,1535,8632281000893,02:23:52
CLASSES,0.9884009942004971,0.19797543976103552,0.08388941849380362,0.3298769528549703,1193,14,4833,1535,-,-
PROPERTIES,0.0,0.0,0.0,0.0,0,0,0,0,-,-
INSTANCES,0.0,0.0,0.0,0.0,0,0,0,0,-,-
