Type,Precision (P),Recall (R),Residual Recall (R+),F1,"# of TP","# of FP","# of FN","# of Correspondences",Time,Time (HH:MM:SS)
ALL,0.9788311090658076,0.7918838421444527,0.7322643343051506,0.8754887837003499,2127,46,559,2355,4854561387807,01:20:54
CLASSES,0.9788311090658076,0.7918838421444527,0.7322643343051506,0.8754887837003499,2127,46,559,2355,-,-
PROPERTIES,0.0,0.0,0.0,0.0,0,0,0,0,-,-
INSTANCES,0.0,0.0,0.0,0.0,0,0,0,0,-,-
