Type,Precision (P),Recall (R),Residual Recall (R+),F1,"# of TP","# of FP","# of FN","# of Correspondences",Time,Time (HH:MM:SS)
ALL,0.9670833333333333,0.8641102010424423,0.8226433430515063,0.9127015336217067,2321,79,365,2611,13435567565993,03:43:55
CLASSES,0.9670833333333333,0.8641102010424423,0.8226433430515063,0.9127015336217067,2321,79,365,2611,-,-
PROPERTIES,0.0,0.0,0.0,0.0,0,0,0,0,-,-
INSTANCES,0.0,0.0,0.0,0.0,0,0,0,0,-,-
