Type,Precision (P),Recall (R),Residual Recall (R+),F1,"# of TP","# of FP","# of FN","# of Correspondences",Time,Time (HH:MM:SS)
ALL,0.6851881505204164,0.7100896116827082,0.6693994280266921,0.6974166734577458,4279,1966,1747,8163,183941268493,00:03:03
CLASSES,0.6851881505204164,0.7100896116827082,0.6693994280266921,0.6974166734577458,4279,1966,1747,8163,-,-
PROPERTIES,0.0,0.0,0.0,0.0,0,0,0,0,-,-
INSTANCES,0.0,0.0,0.0,0.0,0,0,0,0,-,-
