Type,Precision (P),Recall (R),Residual Recall (R+),F1,"# of TP","# of FP","# of FN","# of Correspondences",Time,Time (HH:MM:SS)
ALL,0.9584150647312671,0.9095309009679822,0.8819241982507289,0.9333333333333335,2443,106,243,2723,44557543290,00:00:44
CLASSES,0.9584150647312671,0.9095309009679822,0.8819241982507289,0.9333333333333335,2443,106,243,2723,-,-
PROPERTIES,0.0,0.0,0.0,0.0,0,0,0,0,-,-
INSTANCES,0.0,0.0,0.0,0.0,0,0,0,0,-,-
