Type,Precision (P),Recall (R),Residual Recall (R+),F1,"# of TP","# of FP","# of FN","# of Correspondences",Time,Time (HH:MM:SS)
ALL,0.861568741799096,0.6867518884369552,0.5485724233983287,0.7642912571132954,11819,1899,5391,14195,375216793469,00:06:15
CLASSES,0.861568741799096,0.6867518884369552,0.5485724233983287,0.7642912571132954,11819,1899,5391,14195,-,-
PROPERTIES,0.0,0.0,0.0,0.0,0,0,0,0,-,-
INSTANCES,0.0,0.0,0.0,0.0,0,0,0,0,-,-
