Type,Precision (P),Recall (R),Residual Recall (R+),F1,"# of TP","# of FP","# of FN","# of Correspondences",Time,Time (HH:MM:SS)
ALL,0.9228295819935691,0.7620311981413873,0.7269780743565301,0.8347573168514815,4592,384,1434,6988,124576668539,00:02:04
CLASSES,0.9228295819935691,0.7620311981413873,0.7269780743565301,0.8347573168514815,4592,384,1434,6988,-,-
PROPERTIES,0.0,0.0,0.0,0.0,0,0,0,0,-,-
INSTANCES,0.0,0.0,0.0,0.0,0,0,0,0,-,-
