Type,Precision (P),Recall (R),Residual Recall (R+),F1,"# of TP","# of FP","# of FN","# of Correspondences",Time,Time (HH:MM:SS)
ALL,0.9064088085827217,0.7461940732132482,0.6236942896935933,0.8185352794951877,12842,1326,4368,14739,1026560822099,00:17:06
CLASSES,0.9064088085827217,0.7461940732132482,0.6236942896935933,0.8185352794951877,12842,1326,4368,14739,-,-
PROPERTIES,0.0,0.0,0.0,0.0,0,0,0,0,-,-
INSTANCES,0.0,0.0,0.0,0.0,0,0,0,0,-,-
