Type,Precision (P),Recall (R),Residual Recall (R+),F1,"# of TP","# of FP","# of FN","# of Correspondences",Time,Time (HH:MM:SS)
ALL,0.9828326180257511,0.03800199137072685,0.0,0.07317462853490972,229,4,5797,236,9784154220,00:00:09
CLASSES,0.9828326180257511,0.03800199137072685,0.0,0.07317462853490972,229,4,5797,236,-,-
PROPERTIES,0.0,0.0,0.0,0.0,0,0,0,0,-,-
INSTANCES,0.0,0.0,0.0,0.0,0,0,0,0,-,-
