Type,Precision (P),Recall (R),Residual Recall (R+),F1,"# of TP","# of FP","# of FN","# of Correspondences",Time,Time (HH:MM:SS)
ALL,0.981042654028436,0.077066269545793,0.0,0.14290645495340007,207,4,2479,242,7689432031,00:00:07
CLASSES,0.981042654028436,0.077066269545793,0.0,0.14290645495340007,207,4,2479,242,-,-
PROPERTIES,0.0,0.0,0.0,0.0,0,0,0,0,-,-
INSTANCES,0.0,0.0,0.0,0.0,0,0,0,0,-,-
