Type,Precision (P),Recall (R),Residual Recall (R+),F1,"# of TP","# of FP","# of FN","# of Correspondences",Time,Time (HH:MM:SS)
ALL,0.976691042047532,0.1241719930273097,0.0,0.22033199298896794,2137,51,15073,2358,27046433373,00:00:27
CLASSES,0.976691042047532,0.1241719930273097,0.0,0.22033199298896794,2137,51,15073,2358,-,-
PROPERTIES,0.0,0.0,0.0,0.0,0,0,0,0,-,-
INSTANCES,0.0,0.0,0.0,0.0,0,0,0,0,-,-
