Type,Precision (P),Recall (R),Residual Recall (R+),F1,"# of TP","# of FP","# of FN","# of Correspondences",Time,Time (HH:MM:SS)
ALL,0.9408297438222625,0.6886823763690674,0.6432793136320305,0.795247676535403,4150,261,1876,6313,95837249364,00:01:35
CLASSES,0.9408297438222625,0.6886823763690674,0.6432793136320305,0.795247676535403,4150,261,1876,6313,-,-
PROPERTIES,0.0,0.0,0.0,0.0,0,0,0,0,-,-
INSTANCES,0.0,0.0,0.0,0.0,0,0,0,0,-,-
