Type,Precision (P),Recall (R),Residual Recall (R+),F1,"# of TP","# of FP","# of FN","# of Correspondences",Time,Time (HH:MM:SS)
ALL,0.9665787159190853,0.8183172002978406,0.7638483965014577,0.8862903225806451,2198,76,488,2477,13332908768,00:00:13
CLASSES,0.9665787159190853,0.8183172002978406,0.7638483965014577,0.8862903225806451,2198,76,488,2477,-,-
PROPERTIES,0.0,0.0,0.0,0.0,0,0,0,0,-,-
INSTANCES,0.0,0.0,0.0,0.0,0,0,0,0,-,-
