Type,Precision (P),Recall (R),Residual Recall (R+),F1,"# of TP","# of FP","# of FN","# of Correspondences",Time,Time (HH:MM:SS)
ALL,0.9690641918020109,0.2079322933952871,0.09075309818875119,0.3423965022544063,1253,40,4773,1641,16011019740,00:00:16
CLASSES,0.9690641918020109,0.2079322933952871,0.09075309818875119,0.3423965022544063,1253,40,4773,1641,-,-
PROPERTIES,0.0,0.0,0.0,0.0,0,0,0,0,-,-
INSTANCES,0.0,0.0,0.0,0.0,0,0,0,0,-,-
