Type,Precision (P),Recall (R),Residual Recall (R+),F1,"# of TP","# of FP","# of FN","# of Correspondences",Time,Time (HH:MM:SS)
ALL,0.9085046658068432,0.6958163858221964,0.557016016713092,0.7880622552729426,11975,1206,5235,13704,4652604731268,01:17:32
CLASSES,0.9085046658068432,0.6958163858221964,0.557016016713092,0.7880622552729426,11975,1206,5235,13704,-,-
PROPERTIES,0.0,0.0,0.0,0.0,0,0,0,0,-,-
INSTANCES,0.0,0.0,0.0,0.0,0,0,0,0,-,-
