Type,Precision (P),Recall (R),Residual Recall (R+),F1,"# of TP","# of FP","# of FN","# of Correspondences",Time,Time (HH:MM:SS)
ALL,0.6727884909703091,0.8183172002978406,0.7638483965014577,0.7384512010750881,2198,1069,488,3471,28016617844,00:00:28
CLASSES,0.6734068627450981,0.8183172002978406,0.7638483965014577,0.7388235294117647,2198,1066,488,3468,-,-
PROPERTIES,0.0,0.0,0.0,0.0,0,3,0,3,-,-
INSTANCES,0.0,0.0,0.0,0.0,0,0,0,0,-,-
