Type,Precision (P),Recall (R),Residual Recall (R+),F1,"# of TP","# of FP","# of FN","# of Correspondences",Time,Time (HH:MM:SS)
ALL,0.7526094121955685,0.682044473946233,0.6364156339370829,0.7155915382606424,4110,1351,1916,7377,4921640039326,01:22:01
CLASSES,0.7526094121955685,0.682044473946233,0.6364156339370829,0.7155915382606424,4110,1351,1916,7377,-,-
PROPERTIES,0.0,0.0,0.0,0.0,0,0,0,0,-,-
INSTANCES,0.0,0.0,0.0,0.0,0,0,0,0,-,-
