Type,Precision (P),Recall (R),Residual Recall (R+),F1,"# of TP","# of FP","# of FN","# of Correspondences",Time,Time (HH:MM:SS)
ALL,0.9038039502560351,0.9199553239017125,0.8979591836734694,0.9118081180811809,2471,263,215,2949,1190873898047,00:19:50
CLASSES,0.9038039502560351,0.9199553239017125,0.8979591836734694,0.9118081180811809,2471,263,215,2949,-,-
PROPERTIES,0.0,0.0,0.0,0.0,0,0,0,0,-,-
INSTANCES,0.0,0.0,0.0,0.0,0,0,0,0,-,-
