Type,Precision (P),Recall (R),Residual Recall (R+),F1,"# of TP","# of FP","# of FN","# of Correspondences",Time,Time (HH:MM:SS)
ALL,0.8518014955812373,0.2079322933952871,0.09075309818875119,0.3342670401493931,1253,218,4773,1820,36628585764,00:00:36
CLASSES,0.8518014955812373,0.2079322933952871,0.09075309818875119,0.3342670401493931,1253,218,4773,1820,-,-
PROPERTIES,0.0,0.0,0.0,0.0,0,0,0,0,-,-
INSTANCES,0.0,0.0,0.0,0.0,0,0,0,0,-,-
