Type,Precision (P),Recall (R),Residual Recall (R+),F1,"# of TP","# of FP","# of FN","# of Correspondences",Time,Time (HH:MM:SS)
ALL,0.8664475901584092,0.5975014526438117,0.41582520891364905,0.7072701011073664,10283,1585,6927,12298,1386367082149,00:23:06
CLASSES,0.8664475901584092,0.5975014526438117,0.41582520891364905,0.7072701011073664,10283,1585,6927,12298,-,-
PROPERTIES,0.0,0.0,0.0,0.0,0,0,0,0,-,-
INSTANCES,0.0,0.0,0.0,0.0,0,0,0,0,-,-
