Type,Precision (P),Recall (R),Residual Recall (R+),F1,"# of TP","# of FP","# of FN","# of Correspondences",Time,Time (HH:MM:SS)
ALL,0.844998022933966,0.7956068503350707,0.7623906705539358,0.8195589645254074,2137,392,549,2702,142695137883,00:02:22
CLASSES,0.844998022933966,0.7956068503350707,0.7623906705539358,0.8195589645254074,2137,392,549,2702,-,-
PROPERTIES,0.0,0.0,0.0,0.0,0,0,0,0,-,-
INSTANCES,0.0,0.0,0.0,0.0,0,0,0,0,-,-
