Type,Precision (P),Recall (R),Residual Recall (R+),F1,"# of TP","# of FP","# of FN","# of Correspondences",Time,Time (HH:MM:SS)
ALL,0.45074925074925076,0.8399106478034252,0.7920310981535471,0.5866597321544662,2256,2749,430,5217,42741476826,00:00:42
CLASSES,0.45074925074925076,0.8399106478034252,0.7920310981535471,0.5866597321544662,2256,2749,430,5217,-,-
PROPERTIES,0.0,0.0,0.0,0.0,0,0,0,0,-,-
INSTANCES,0.0,0.0,0.0,0.0,0,0,0,0,-,-
