Type,Precision (P),Recall (R),Residual Recall (R+),F1,"# of TP","# of FP","# of FN","# of Correspondences",Time,Time (HH:MM:SS)
ALL,0.38098348418400674,0.6775638898108198,0.6299332697807436,0.48772621394015414,4083,6634,1943,12797,326930028203,00:05:26
CLASSES,0.38098348418400674,0.6775638898108198,0.6299332697807436,0.48772621394015414,4083,6634,1943,12797,-,-
PROPERTIES,0.0,0.0,0.0,0.0,0,0,0,0,-,-
INSTANCES,0.0,0.0,0.0,0.0,0,0,0,0,-,-
