Type,Precision (P),Recall (R),Residual Recall (R+),F1,"# of TP","# of FP","# of FN","# of Correspondences",Time,Time (HH:MM:SS)
ALL,0.9462227912932138,0.27513030528667165,0.05587949465500486,0.42630516296509946,739,42,1947,867,209265835446,00:03:29
CLASSES,0.9462227912932138,0.27513030528667165,0.05587949465500486,0.42630516296509946,739,42,1947,867,-,-
PROPERTIES,0.0,0.0,0.0,0.0,0,0,0,0,-,-
INSTANCES,0.0,0.0,0.0,0.0,0,0,0,0,-,-
