Type,Precision (P),Recall (R),Residual Recall (R+),F1,"# of TP","# of FP","# of FN","# of Correspondences",Time,Time (HH:MM:SS)
ALL,0.022392231867000147,0.706920575940548,0.569377990430622,0.04340943770232306,1522,66448,631,67970,3107503619344,00:51:47
CLASSES,0.022402779004386354,0.706920575940548,0.569377990430622,0.043429256252585924,1522,66416,631,67938,-,-
PROPERTIES,0.0,0.0,0.0,0.0,0,32,0,32,-,-
INSTANCES,0.0,0.0,0.0,0.0,0,0,0,0,-,-
