Type,Precision (P),Recall (R),Residual Recall (R+),F1,"# of TP","# of FP","# of FN","# of Correspondences",Time,Time (HH:MM:SS)
ALL,0.4959213553649864,0.8964083175803402,0.8645024700070572,0.6385671963371936,2371,2410,274,4781,231990466739,00:03:51
CLASSES,0.4959213553649864,0.8964083175803402,0.8645024700070572,0.6385671963371936,2371,2410,274,4781,-,-
PROPERTIES,0.0,0.0,0.0,0.0,0,0,0,0,-,-
INSTANCES,0.0,0.0,0.0,0.0,0,0,0,0,-,-
