Type,Precision (P),Recall (R),Residual Recall (R+),F1,"# of TP","# of FP","# of FN","# of Correspondences",Time,Time (HH:MM:SS)
ALL,0.8836865450961064,0.8327914537854157,0.7546138072453862,0.8574844571975131,1793,236,360,2029,117732956885,00:01:57
CLASSES,0.8836865450961064,0.8327914537854157,0.7546138072453862,0.8574844571975131,1793,236,360,2029,-,-
PROPERTIES,0.0,0.0,0.0,0.0,0,0,0,0,-,-
INSTANCES,0.0,0.0,0.0,0.0,0,0,0,0,-,-
