Type,Precision (P),Recall (R),Residual Recall (R+),F1,"# of TP","# of FP","# of FN","# of Correspondences",Time,Time (HH:MM:SS)
ALL,0.9635890767230169,0.344170924291686,0.039644565960355434,0.5071868583162218,741,28,1412,769,28700151084,00:00:28
CLASSES,0.9635890767230169,0.344170924291686,0.039644565960355434,0.5071868583162218,741,28,1412,769,-,-
PROPERTIES,0.0,0.0,0.0,0.0,0,0,0,0,-,-
INSTANCES,0.0,0.0,0.0,0.0,0,0,0,0,-,-
