Type,Precision (P),Recall (R),Residual Recall (R+),F1,"# of TP","# of FP","# of FN","# of Correspondences",Time,Time (HH:MM:SS)
ALL,0.09075742409075742,0.12633534602879704,0.10184552289815448,0.10563106796116503,272,2725,1881,2997,306683139482,00:05:06
CLASSES,0.09081803005008347,0.12633534602879704,0.10184552289815448,0.10567210567210568,272,2723,1881,2995,-,-
PROPERTIES,0.0,0.0,0.0,0.0,0,2,0,2,-,-
INSTANCES,0.0,0.0,0.0,0.0,0,0,0,0,-,-
