Type,Precision (P),Recall (R),Residual Recall (R+),F1,"# of TP","# of FP","# of FN","# of Correspondences",Time,Time (HH:MM:SS)
ALL,1.0,0.1277882797731569,0.0,0.22661749916191753,338,0,2307,338,19972069253,00:00:19
CLASSES,1.0,0.1277882797731569,0.0,0.22661749916191753,338,0,2307,338,-,-
PROPERTIES,0.0,0.0,0.0,0.0,0,0,0,0,-,-
INSTANCES,0.0,0.0,0.0,0.0,0,0,0,0,-,-
