Type,Precision (P),Recall (R),Residual Recall (R+),F1,"# of TP","# of FP","# of FN","# of Correspondences",Time,Time (HH:MM:SS)
ALL,1.0,0.0013934045517882026,0.0,0.0027829313543599257,3,0,2150,3,13637712188,00:00:13
CLASSES,1.0,0.0013934045517882026,0.0,0.0027829313543599257,3,0,2150,3,-,-
PROPERTIES,0.0,0.0,0.0,0.0,0,0,0,0,-,-
INSTANCES,0.0,0.0,0.0,0.0,0,0,0,0,-,-
