Type,Precision (P),Recall (R),Residual Recall (R+),F1,"# of TP","# of FP","# of FN","# of Correspondences",Time,Time (HH:MM:SS)
ALL,0.8614232209737828,0.8546214584300975,0.7887901572112098,0.8580088598740965,1840,296,313,2136,69112622542,00:01:09
CLASSES,0.8614232209737828,0.8546214584300975,0.7887901572112098,0.8580088598740965,1840,296,313,2136,-,-
PROPERTIES,0.0,0.0,0.0,0.0,0,0,0,0,-,-
INSTANCES,0.0,0.0,0.0,0.0,0,0,0,0,-,-
