Type,Precision (P),Recall (R),Residual Recall (R+),F1,"# of TP","# of FP","# of FN","# of Correspondences",Time,Time (HH:MM:SS)
ALL,0.8161925601750547,0.8662331630283325,0.8045112781954887,0.8404686795853988,1865,420,288,2285,2508782619213,00:41:48
CLASSES,0.8161925601750547,0.8662331630283325,0.8045112781954887,0.8404686795853988,1865,420,288,2285,-,-
PROPERTIES,0.0,0.0,0.0,0.0,0,0,0,0,-,-
INSTANCES,0.0,0.0,0.0,0.0,0,0,0,0,-,-
