Type,Precision (P),Recall (R),Residual Recall (R+),F1,"# of TP","# of FP","# of FN","# of Correspondences",Time,Time (HH:MM:SS)
ALL,0.8174366616989568,0.8294896030245746,0.7501764290755116,0.8234190279602177,2194,490,451,2684,2176236963199,00:36:16
CLASSES,0.8177413343272456,0.8294896030245746,0.7501764290755116,0.8235735735735736,2194,489,451,2683,-,-
PROPERTIES,0.0,0.0,0.0,0.0,0,1,0,1,-,-
INSTANCES,0.0,0.0,0.0,0.0,0,0,0,0,-,-
