Type,Precision (P),Recall (R),Residual Recall (R+),F1,"# of TP","# of FP","# of FN","# of Correspondences",Time,Time (HH:MM:SS)
ALL,0.4260459634649381,0.33581049698095683,0.023923444976076555,0.3755844155844156,723,974,1430,1697,21414724079,00:00:21
CLASSES,0.43897996357012753,0.33581049698095683,0.023923444976076555,0.3805263157894737,723,924,1430,1647,-,-
PROPERTIES,0.0,0.0,0.0,0.0,0,3,0,3,-,-
INSTANCES,0.0,0.0,0.0,0.0,0,47,0,47,-,-
