Type,Precision (P),Recall (R),Residual Recall (R+),F1,"# of TP","# of FP","# of FN","# of Correspondences",Time,Time (HH:MM:SS)
ALL,0.9173589855706166,0.7931947069943289,0.6986591390261115,0.8507704785077048,2098,189,547,2287,52639741099,00:00:52
CLASSES,0.9177602799650044,0.7931947069943289,0.6986591390261115,0.8509430135875076,2098,188,547,2286,-,-
PROPERTIES,0.0,0.0,0.0,0.0,0,1,0,1,-,-
INSTANCES,0.0,0.0,0.0,0.0,0,0,0,0,-,-
