Type,Precision (P),Recall (R),Residual Recall (R+),F1,"# of TP","# of FP","# of FN","# of Correspondences",Time,Time (HH:MM:SS)
ALL,0.9944044764188649,0.4703213610586011,0.024700070571630206,0.6386036960985625,1244,7,1401,1251,27486535908,00:00:27
CLASSES,0.9952,0.4703213610586011,0.024700070571630206,0.638767650834403,1244,6,1401,1250,-,-
PROPERTIES,0.0,0.0,0.0,0.0,0,1,0,1,-,-
INSTANCES,0.0,0.0,0.0,0.0,0,0,0,0,-,-
