Type,Precision (P),Recall (R),Residual Recall (R+),F1,"# of TP","# of FP","# of FN","# of Correspondences",Time,Time (HH:MM:SS)
ALL,0.9991617770326907,0.4506616257088847,0.004940014114326041,0.621156852527358,1192,1,1453,1193,2749530088645,00:45:49
CLASSES,0.9991617770326907,0.4506616257088847,0.004940014114326041,0.621156852527358,1192,1,1453,1193,-,-
PROPERTIES,0.0,0.0,0.0,0.0,0,0,0,0,-,-
INSTANCES,0.0,0.0,0.0,0.0,0,0,0,0,-,-
