Type,Precision (P),Recall (R),Residual Recall (R+),F1,"# of TP","# of FP","# of FN","# of Correspondences",Time,Time (HH:MM:SS)
ALL,1.0,0.3181607059916396,0.002050580997949419,0.4827343199436223,685,0,1468,685,2366006717122,00:39:26
CLASSES,1.0,0.3181607059916396,0.002050580997949419,0.4827343199436223,685,0,1468,685,-,-
PROPERTIES,0.0,0.0,0.0,0.0,0,0,0,0,-,-
INSTANCES,0.0,0.0,0.0,0.0,0,0,0,0,-,-
