Type,Precision (P),Recall (R),Residual Recall (R+),F1,"# of TP","# of FP","# of FN","# of Correspondences",Time,Time (HH:MM:SS)
ALL,0.12253212159197743,0.14782608695652175,0.11644318983768526,0.13399588759424264,391,2800,2254,3191,4697741710123,01:18:17
CLASSES,0.12253212159197743,0.14782608695652175,0.11644318983768526,0.13399588759424264,391,2800,2254,3191,-,-
PROPERTIES,0.0,0.0,0.0,0.0,0,0,0,0,-,-
INSTANCES,0.0,0.0,0.0,0.0,0,0,0,0,-,-
