Type,Precision (P),Recall (R),Residual Recall (R+),F1,"# of TP","# of FP","# of FN","# of Correspondences",Time,Time (HH:MM:SS)
ALL,0.09787404733253109,0.1133302368787738,0.07382091592617908,0.10503659061558332,244,2249,1909,2493,7909886173679,02:11:49
CLASSES,0.09795262946607788,0.1133302368787738,0.07382091592617908,0.10508182601205858,244,2247,1909,2491,-,-
PROPERTIES,0.0,0.0,0.0,0.0,0,2,0,2,-,-
INSTANCES,0.0,0.0,0.0,0.0,0,0,0,0,-,-
